"season","periods__names__001","periods__names__002","periods__scores__001","periods__scores__002"
"2013","Team Widenher","DALLAS IS GOING DOWN!!","83.9","118.2"
"","Pistolvania Rattlers","Call My Johnson A Peter, son!","116.0","114.7"
"","Brown Town Clowns","The Red Rockets","82.4","101.7"
"","Wide Right","This Sexay Laday","96.0","90.0"
"","Flexor Digiti Minion-Me","AT Still Your Girl","127.1","101.3"
"","Team Scoregasm","Meadville Militia","90.6","107.4"
"","DALLAS IS GOING DOWN!!","Flexor Digiti Minion-Me","93.6","71.8"
"","Brown Town Clowns","Pistolvania Rattlers","125.3","124.6"
"","Call My Johnson A Peter, son!","Team Widenher","85.6","78.0"
"","The Red Rockets","Wide Right","89.8","116.0"
"","This Sexay Laday","Team Scoregasm","112.7","95.6"
"","AT Still Your Girl","Meadville Militia","57.6","89.1"
"","Meadville Militia","DALLAS IS GOING DOWN!!","98.7","109.9"
"","Pistolvania Rattlers","Team Widenher","102.4","118.8"
"","Wide Right","Brown Town Clowns","82.7","69.3"
"","Flexor Digiti Minion-Me","Call My Johnson A Peter, son!","60.1","91.1"
"","Team Scoregasm","The Red Rockets","91.2","75.3"
"","AT Still Your Girl","This Sexay Laday","76.9","85.1"
"","DALLAS IS GOING DOWN!!","This Sexay Laday","116.0","85.2"
"","Wide Right","Pistolvania Rattlers","104.9","108.7"
"","Team Widenher","Flexor Digiti Minion-Me","78.2","136.1"
"","Brown Town Clowns","Team Scoregasm","117.7","99.1"
"","Call My Johnson A Peter, son!","Meadville Militia","98.0","104.8"
"","The Red Rockets","AT Still Your Girl","99.3","75.4"
"","DALLAS IS GOING DOWN!!","The Red Rockets","82.0","112.8"
"","Pistolvania Rattlers","Flexor Digiti Minion-Me","83.6","59.6"
"","Team Scoregasm","Wide Right","99.9","87.1"
"","Meadville Militia","Team Widenher","98.4","70.4"
"","AT Still Your Girl","Brown Town Clowns","57.2","142.2"
"","This Sexay Laday","Call My Johnson A Peter, son!","77.5","102.3"
"","Brown Town Clowns","DALLAS IS GOING DOWN!!","103.2","104.1"
"","Team Scoregasm","Pistolvania Rattlers","107.0","63.3"
"","Flexor Digiti Minion-Me","Meadville Militia","80.8","71.4"
"","Wide Right","AT Still Your Girl","75.7","53.9"
"","Team Widenher","This Sexay Laday","50.8","97.1"
"","Call My Johnson A Peter, son!","The Red Rockets","93.8","91.7"
"","DALLAS IS GOING DOWN!!","Wide Right","106.4","59.4"
"","Pistolvania Rattlers","Meadville Militia","76.7","99.2"
"","AT Still Your Girl","Team Scoregasm","57.6","109.6"
"","This Sexay Laday","Flexor Digiti Minion-Me","83.5","74.0"
"","The Red Rockets","Team Widenher","100.1","87.4"
"","Call My Johnson A Peter, son!","Brown Town Clowns","72.6","102.6"
"","Team Scoregasm","DALLAS IS GOING DOWN!!","90.5","92.5"
"","AT Still Your Girl","Pistolvania Rattlers","81.2","69.5"
"","Meadville Militia","This Sexay Laday","90.6","82.8"
"","Flexor Digiti Minion-Me","The Red Rockets","102.7","68.8"
"","Wide Right","Call My Johnson A Peter, son!","84.3","53.0"
"","Team Widenher","Brown Town Clowns","122.3","94.3"
"","DALLAS IS GOING DOWN!!","AT Still Your Girl","81.6","81.8"
"","Pistolvania Rattlers","This Sexay Laday","150.2","52.2"
"","The Red Rockets","Meadville Militia","59.9","91.5"
"","Call My Johnson A Peter, son!","Team Scoregasm","135.7","106.9"
"","Brown Town Clowns","Flexor Digiti Minion-Me","132.5","67.7"
"","Team Widenher","Wide Right","124.4","72.8"
"","DALLAS IS GOING DOWN!!","Pistolvania Rattlers","104.3","65.1"
"","This Sexay Laday","The Red Rockets","70.0","80.7"
"","AT Still Your Girl","Call My Johnson A Peter, son!","51.9","114.6"
"","Meadville Militia","Brown Town Clowns","77.2","123.0"
"","Team Scoregasm","Team Widenher","106.9","73.5"
"","Flexor Digiti Minion-Me","Wide Right","81.9","81.6"
"","Call My Johnson A Peter, son!","DALLAS IS GOING DOWN!!","73.7","75.3"
"","Pistolvania Rattlers","The Red Rockets","104.4","78.8"
"","Brown Town Clowns","This Sexay Laday","128.8","92.8"
"","Team Widenher","AT Still Your Girl","102.4","100.5"
"","Wide Right","Meadville Militia","104.9","86.6"
"","Flexor Digiti Minion-Me","Team Scoregasm","61.3","98.2"
"","DALLAS IS GOING DOWN!!","Team Widenher","75.5","69.3"
"","Call My Johnson A Peter, son!","Pistolvania Rattlers","81.1","86.4"
"","The Red Rockets","Brown Town Clowns","61.3","105.7"
"","This Sexay Laday","Wide Right","107.0","56.0"
"","AT Still Your Girl","Flexor Digiti Minion-Me","69.2","76.3"
"","Meadville Militia","Team Scoregasm","106.4","74.2"
"","Flexor Digiti Minion-Me","DALLAS IS GOING DOWN!!","87.0","65.6"
"","Pistolvania Rattlers","Brown Town Clowns","135.1","134.9"
"","Team Widenher","Call My Johnson A Peter, son!","66.5","106.1"
"","Wide Right","The Red Rockets","83.8","58.2"
"","Team Scoregasm","This Sexay Laday","73.2","91.5"
"","Meadville Militia","AT Still Your Girl","77.2","123.3"
"2014","Team Widenher","German Army Helmets","103.7","82.0"
"","Black Juliet's","3 Dreaded Monster","92.8","151.0"
"","Brown Town Clowns","HBO Presents: The Waiver Wire","77.2","93.3"
"","Wide Right","Dirty Dick Dave","72.8","65.3"
"","DidITellYou? ILikeToDance","Dirty Sanchez","68.5","96.4"
"","Team Scoregasm","Meadville Militia","96.8","116.1"
"","German Army Helmets","DidITellYou? ILikeToDance","82.0","55.9"
"","Brown Town Clowns","Black Juliet's","81.2","87.4"
"","3 Dreaded Monster","Team Widenher","60.5","108.0"
"","HBO Presents: The Waiver Wire","Wide Right","86.7","74.9"
"","Dirty Dick Dave","Team Scoregasm","73.8","59.1"
"","Dirty Sanchez","Meadville Militia","108.1","128.2"
"","Meadville Militia","German Army Helmets","104.6","45.8"
"","Black Juliet's","Team Widenher","65.4","95.6"
"","Wide Right","Brown Town Clowns","86.6","76.4"
"","DidITellYou? ILikeToDance","3 Dreaded Monster","55.4","110.1"
"","Team Scoregasm","HBO Presents: The Waiver Wire","105.9","81.9"
"","Dirty Sanchez","Dirty Dick Dave","108.6","72.6"
"","German Army Helmets","Dirty Dick Dave","108.1","81.7"
"","Wide Right","Black Juliet's","88.7","92.7"
"","Team Widenher","DidITellYou? ILikeToDance","104.0","78.5"
"","Brown Town Clowns","Team Scoregasm","94.7","86.3"
"","3 Dreaded Monster","Meadville Militia","91.7","121.7"
"","HBO Presents: The Waiver Wire","Dirty Sanchez","78.3","130.5"
"","German Army Helmets","HBO Presents: The Waiver Wire","68.5","142.3"
"","Black Juliet's","DidITellYou? ILikeToDance","95.3","89.7"
"","Team Scoregasm","Wide Right","57.9","98.2"
"","Meadville Militia","Team Widenher","145.6","88.4"
"","Dirty Sanchez","Brown Town Clowns","84.9","73.7"
"","Dirty Dick Dave","3 Dreaded Monster","73.0","112.3"
"","Brown Town Clowns","German Army Helmets","39.2","112.2"
"","Team Scoregasm","Black Juliet's","115.7","82.5"
"","DidITellYou? ILikeToDance","Meadville Militia","124.8","97.0"
"","Wide Right","Dirty Sanchez","103.9","89.6"
"","Team Widenher","Dirty Dick Dave","124.0","112.4"
"","3 Dreaded Monster","HBO Presents: The Waiver Wire","73.8","98.9"
"","German Army Helmets","Wide Right","105.8","89.3"
"","Black Juliet's","Meadville Militia","82.4","124.2"
"","Dirty Sanchez","Team Scoregasm","107.5","83.9"
"","Dirty Dick Dave","DidITellYou? ILikeToDance","85.6","39.2"
"","HBO Presents: The Waiver Wire","Team Widenher","112.2","79.7"
"","3 Dreaded Monster","Brown Town Clowns","92.8","89.3"
"","Team Scoregasm","German Army Helmets","92.2","136.5"
"","Dirty Sanchez","Black Juliet's","131.3","118.1"
"","Meadville Militia","Dirty Dick Dave","185.2","108.9"
"","DidITellYou? ILikeToDance","HBO Presents: The Waiver Wire","92.8","96.8"
"","Wide Right","3 Dreaded Monster","41.0","82.1"
"","Team Widenher","Brown Town Clowns","98.5","117.2"
"","German Army Helmets","Dirty Sanchez","110.4","110.4"
"","Black Juliet's","Dirty Dick Dave","66.6","116.9"
"","HBO Presents: The Waiver Wire","Meadville Militia","106.5","129.3"
"","3 Dreaded Monster","Team Scoregasm","60.7","95.0"
"","Brown Town Clowns","DidITellYou? ILikeToDance","61.9","93.1"
"","Team Widenher","Wide Right","113.9","52.2"
"","German Army Helmets","Black Juliet's","79.1","91.1"
"","Dirty Dick Dave","HBO Presents: The Waiver Wire","134.2","131.4"
"","Dirty Sanchez","3 Dreaded Monster","89.3","98.9"
"","Meadville Militia","Brown Town Clowns","89.3","62.6"
"","Team Scoregasm","Team Widenher","75.2","106.6"
"","DidITellYou? ILikeToDance","Wide Right","126.9","129.1"
"","3 Dreaded Monster","German Army Helmets","96.9","114.9"
"","Black Juliet's","HBO Presents: The Waiver Wire","109.3","83.5"
"","Brown Town Clowns","Dirty Dick Dave","76.9","119.3"
"","Team Widenher","Dirty Sanchez","72.5","85.5"
"","Wide Right","Meadville Militia","77.1","98.2"
"","DidITellYou? ILikeToDance","Team Scoregasm","19.3","72.9"
"","German Army Helmets","Team Widenher","99.6","73.7"
"","3 Dreaded Monster","Black Juliet's","95.4","91.9"
"","HBO Presents: The Waiver Wire","Brown Town Clowns","127.8","52.1"
"","Dirty Dick Dave","Wide Right","149.6","74.6"
"","Dirty Sanchez","DidITellYou? ILikeToDance","75.9","131.4"
"","Meadville Militia","Team Scoregasm","88.6","115.6"
"","DidITellYou? ILikeToDance","German Army Helmets","64.3","75.0"
"","Black Juliet's","Brown Town Clowns","87.0","110.7"
"","Team Widenher","3 Dreaded Monster","109.4","86.9"
"","Wide Right","HBO Presents: The Waiver Wire","51.3","117.8"
"","Team Scoregasm","Dirty Dick Dave","121.1","117.1"
"","Meadville Militia","Dirty Sanchez","120.9","97.8"
"2015","Dirty Sanchez","Beau Fleuve","70.9","77.3"
"","R.I.P. Charles R.I.P. Allen","Brown Town Clowns","105.0","115.1"
"","El Criminales","The Chosen Ones","91.2","120.1"
"","The Injury report","Dirty Dick Dave","91.1","128.8"
"","Black Juliet's","Team Scoregasm","105.7","123.8"
"","Beau Fleuve","The Injury report","96.2","70.0"
"","Dirty Sanchez","R.I.P. Charles R.I.P. Allen","65.8","76.9"
"","Brown Town Clowns","El Criminales","90.5","117.4"
"","The Chosen Ones","Black Juliet's","70.8","93.9"
"","Dirty Dick Dave","Team Scoregasm","103.0","115.1"
"","Team Scoregasm","Beau Fleuve","113.3","91.9"
"","R.I.P. Charles R.I.P. Allen","El Criminales","110.7","52.6"
"","The Injury report","Dirty Sanchez","105.1","79.1"
"","Black Juliet's","Brown Town Clowns","140.6","144.2"
"","Dirty Dick Dave","The Chosen Ones","92.7","150.9"
"","Beau Fleuve","The Chosen Ones","90.3","74.3"
"","The Injury report","R.I.P. Charles R.I.P. Allen","79.1","76.1"
"","El Criminales","Black Juliet's","91.6","120.4"
"","Dirty Sanchez","Team Scoregasm","106.2","38.1"
"","Brown Town Clowns","Dirty Dick Dave","102.6","103.1"
"","Beau Fleuve","Brown Town Clowns","101.6","83.6"
"","R.I.P. Charles R.I.P. Allen","Black Juliet's","99.3","115.0"
"","Team Scoregasm","The Injury report","84.4","99.6"
"","Dirty Dick Dave","El Criminales","123.1","143.9"
"","The Chosen Ones","Dirty Sanchez","54.2","97.7"
"","El Criminales","Beau Fleuve","131.6","119.7"
"","Team Scoregasm","R.I.P. Charles R.I.P. Allen","84.1","91.4"
"","Black Juliet's","Dirty Dick Dave","123.5","105.6"
"","The Injury report","The Chosen Ones","85.9","74.3"
"","Dirty Sanchez","Brown Town Clowns","94.2","121.2"
"","Beau Fleuve","Black Juliet's","93.8","91.4"
"","R.I.P. Charles R.I.P. Allen","Dirty Dick Dave","127.0","101.1"
"","The Chosen Ones","Team Scoregasm","135.8","117.7"
"","Brown Town Clowns","The Injury report","92.8","81.7"
"","Dirty Sanchez","El Criminales","99.4","112.3"
"","Dirty Dick Dave","Beau Fleuve","104.0","119.9"
"","The Chosen Ones","R.I.P. Charles R.I.P. Allen","107.8","95.2"
"","Team Scoregasm","Brown Town Clowns","106.8","118.3"
"","Black Juliet's","Dirty Sanchez","77.6","76.2"
"","The Injury report","El Criminales","76.6","78.8"
"","R.I.P. Charles R.I.P. Allen","Beau Fleuve","108.1","107.2"
"","Brown Town Clowns","The Chosen Ones","109.2","90.5"
"","Dirty Sanchez","Dirty Dick Dave","119.1","105.8"
"","El Criminales","Team Scoregasm","129.0","118.5"
"","The Injury report","Black Juliet's","66.1","130.0"
"","Beau Fleuve","Dirty Sanchez","106.2","70.0"
"","Brown Town Clowns","R.I.P. Charles R.I.P. Allen","85.2","147.8"
"","The Chosen Ones","El Criminales","68.9","75.9"
"","Dirty Dick Dave","The Injury report","125.7","66.5"
"","Team Scoregasm","Black Juliet's","99.6","66.0"
"","The Injury report","Beau Fleuve","78.0","48.7"
"","R.I.P. Charles R.I.P. Allen","Dirty Sanchez","109.1","44.6"
"","El Criminales","Brown Town Clowns","85.8","104.3"
"","Black Juliet's","The Chosen Ones","64.8","107.4"
"","Team Scoregasm","Dirty Dick Dave","88.1","130.5"
"","Beau Fleuve","Team Scoregasm","165.1","93.9"
"","El Criminales","R.I.P. Charles R.I.P. Allen","103.8","75.5"
"","Dirty Sanchez","The Injury report","95.9","66.3"
"","Brown Town Clowns","Black Juliet's","89.1","60.7"
"","The Chosen Ones","Dirty Dick Dave","81.8","145.4"
"","The Chosen Ones","Beau Fleuve","111.9","90.4"
"","R.I.P. Charles R.I.P. Allen","The Injury report","104.2","96.4"
"","Black Juliet's","El Criminales","123.7","112.2"
"","Team Scoregasm","Dirty Sanchez","113.1","95.3"
"","Dirty Dick Dave","Brown Town Clowns","133.7","106.5"
"","Brown Town Clowns","Beau Fleuve","114.7","115.4"
"","Black Juliet's","R.I.P. Charles R.I.P. Allen","60.3","104.3"
"","The Injury report","Team Scoregasm","88.3","95.2"
"","El Criminales","Dirty Dick Dave","65.2","109.5"
"","Dirty Sanchez","The Chosen Ones","115.1","95.2"
"2016","The Little Giants","Beau Fleuve","81.8","108.8"
"","Brown Town Clowns","Bergers and Johnsons","83.6","117.4"
"","Dirty Dick Dave","Black Juliet's","82.5","124.4"
"","Cleveland Browns","Dirty Sanchez","118.9","134.7"
"","Gurley's Gone Wild","The Injury Report","70.1","117.1"
"","The Injury Report","Beau Fleuve","92.2","87.3"
"","Dirty Dick Dave","Brown Town Clowns","98.1","102.8"
"","Bergers and Johnsons","Cleveland Browns","78.5","67.2"
"","Black Juliet's","Gurley's Gone Wild","120.4","103.4"
"","Dirty Sanchez","The Little Giants","87.6","90.9"
"","Beau Fleuve","Black Juliet's","111.5","96.0"
"","Brown Town Clowns","Cleveland Browns","79.3","98.8"
"","Gurley's Gone Wild","Dirty Dick Dave","127.2","139.6"
"","The Little Giants","Bergers and Johnsons","100.0","56.7"
"","The Injury Report","Dirty Sanchez","89.6","100.5"
"","Dirty Dick Dave","Beau Fleuve","120.9","37.4"
"","Gurley's Gone Wild","Brown Town Clowns","96.4","86.1"
"","Cleveland Browns","The Little Giants","100.7","99.6"
"","Bergers and Johnsons","The Injury Report","120.0","132.0"
"","Black Juliet's","Dirty Sanchez","131.7","74.2"
"","Beau Fleuve","Gurley's Gone Wild","79.4","110.6"
"","Brown Town Clowns","The Little Giants","92.7","123.3"
"","The Injury Report","Cleveland Browns","102.8","121.4"
"","Dirty Sanchez","Dirty Dick Dave","87.6","112.2"
"","Black Juliet's","Bergers and Johnsons","76.5","143.0"
"","Beau Fleuve","Brown Town Clowns","95.8","97.9"
"","The Little Giants","The Injury Report","125.6","104.7"
"","Gurley's Gone Wild","Dirty Sanchez","106.7","88.5"
"","Cleveland Browns","Black Juliet's","85.3","95.3"
"","Dirty Dick Dave","Bergers and Johnsons","56.2","101.3"
"","Dirty Sanchez","Beau Fleuve","120.7","94.8"
"","Brown Town Clowns","The Injury Report","53.8","78.3"
"","Black Juliet's","The Little Giants","143.2","86.7"
"","Bergers and Johnsons","Gurley's Gone Wild","128.4","103.1"
"","Dirty Dick Dave","Cleveland Browns","61.1","77.4"
"","Beau Fleuve","Bergers and Johnsons","83.3","97.1"
"","Dirty Sanchez","Brown Town Clowns","133.6","90.7"
"","The Injury Report","Black Juliet's","79.1","86.3"
"","The Little Giants","Dirty Dick Dave","85.8","136.2"
"","Gurley's Gone Wild","Cleveland Browns","96.5","79.4"
"","Cleveland Browns","Beau Fleuve","110.4","117.9"
"","Brown Town Clowns","Black Juliet's","71.4","126.1"
"","Bergers and Johnsons","Dirty Sanchez","86.6","116.5"
"","Dirty Dick Dave","The Injury Report","77.1","146.0"
"","Gurley's Gone Wild","The Little Giants","87.8","101.7"
"","Beau Fleuve","The Little Giants","85.4","79.6"
"","Bergers and Johnsons","Brown Town Clowns","131.7","69.0"
"","Black Juliet's","Dirty Dick Dave","135.6","83.6"
"","Dirty Sanchez","Cleveland Browns","109.8","92.2"
"","The Injury Report","Gurley's Gone Wild","76.9","129.4"
"","Beau Fleuve","The Injury Report","54.7","69.2"
"","Brown Town Clowns","Dirty Dick Dave","91.1","101.4"
"","Cleveland Browns","Bergers and Johnsons","77.5","133.7"
"","Gurley's Gone Wild","Black Juliet's","122.0","92.6"
"","The Little Giants","Dirty Sanchez","110.0","74.9"
"","Black Juliet's","Beau Fleuve","102.1","94.8"
"","Cleveland Browns","Brown Town Clowns","51.4","100.1"
"","Dirty Dick Dave","Gurley's Gone Wild","100.8","93.2"
"","Bergers and Johnsons","The Little Giants","130.5","95.3"
"","Dirty Sanchez","The Injury Report","112.1","97.5"
"","Beau Fleuve","Dirty Dick Dave","98.6","135.3"
"","Brown Town Clowns","Gurley's Gone Wild","84.2","96.3"
"","The Little Giants","Cleveland Browns","92.7","89.3"
"","The Injury Report","Bergers and Johnsons","115.7","110.6"
"","Dirty Sanchez","Black Juliet's","71.8","96.7"
"","Gurley's Gone Wild","Beau Fleuve","72.4","70.9"
"","The Little Giants","Brown Town Clowns","66.4","75.5"
"","Cleveland Browns","The Injury Report","43.0","74.4"
"","Dirty Dick Dave","Dirty Sanchez","90.2","79.2"
"","Bergers and Johnsons","Black Juliet's","154.1","89.7"
"2017","Black Juliet's","Please Trade Shady","73.5","105.0"
"","Sentenced to 18 to Life","Dirty Sanchez","69.9","56.4"
"","Brown Town Clowns","Diddlers on the roof","67.4","110.0"
"","Dirty Dick Dave","Meadville Militia","78.5","97.4"
"","Bergers and Johnsons","The Little Giants","66.2","79.4"
"","The Little Giants","Please Trade Shady","109.6","77.8"
"","Brown Town Clowns","Sentenced to 18 to Life","93.3","71.9"
"","Dirty Sanchez","Dirty Dick Dave","52.6","98.9"
"","Diddlers on the roof","Bergers and Johnsons","84.6","89.3"
"","Meadville Militia","Black Juliet's","102.2","125.8"
"","Please Trade Shady","Diddlers on the roof","116.7","83.3"
"","Sentenced to 18 to Life","Dirty Dick Dave","114.1","95.6"
"","Bergers and Johnsons","Brown Town Clowns","111.0","109.2"
"","Black Juliet's","Dirty Sanchez","67.9","99.0"
"","The Little Giants","Meadville Militia","48.9","91.8"
"","Brown Town Clowns","Please Trade Shady","110.3","99.5"
"","Bergers and Johnsons","Sentenced to 18 to Life","61.8","113.0"
"","Dirty Dick Dave","Black Juliet's","81.2","72.8"
"","Dirty Sanchez","The Little Giants","86.2","94.9"
"","Diddlers on the roof","Meadville Militia","85.7","89.1"
"","Please Trade Shady","Bergers and Johnsons","100.5","94.1"
"","Sentenced to 18 to Life","Black Juliet's","82.7","93.9"
"","The Little Giants","Dirty Dick Dave","96.3","92.4"
"","Meadville Militia","Brown Town Clowns","56.8","72.9"
"","Diddlers on the roof","Dirty Sanchez","78.7","90.5"
"","Please Trade Shady","Sentenced to 18 to Life","119.3","80.2"
"","Black Juliet's","The Little Giants","70.1","104.1"
"","Bergers and Johnsons","Meadville Militia","110.7","119.3"
"","Dirty Dick Dave","Diddlers on the roof","116.5","107.3"
"","Brown Town Clowns","Dirty Sanchez","61.5","97.2"
"","Meadville Militia","Please Trade Shady","84.1","109.4"
"","Sentenced to 18 to Life","The Little Giants","73.2","66.2"
"","Diddlers on the roof","Black Juliet's","135.4","85.6"
"","Dirty Sanchez","Bergers and Johnsons","69.3","93.7"
"","Brown Town Clowns","Dirty Dick Dave","87.8","111.7"
"","Please Trade Shady","Dirty Sanchez","115.5","87.0"
"","Meadville Militia","Sentenced to 18 to Life","127.5","64.6"
"","The Little Giants","Diddlers on the roof","103.4","69.1"
"","Black Juliet's","Brown Town Clowns","87.0","149.0"
"","Bergers and Johnsons","Dirty Dick Dave","92.2","92.2"
"","Dirty Dick Dave","Please Trade Shady","78.4","80.2"
"","Sentenced to 18 to Life","Diddlers on the roof","83.9","99.7"
"","Dirty Sanchez","Meadville Militia","75.9","100.0"
"","Brown Town Clowns","The Little Giants","93.1","79.5"
"","Bergers and Johnsons","Black Juliet's","120.6","84.1"
"","Please Trade Shady","Black Juliet's","67.9","57.3"
"","Dirty Sanchez","Sentenced to 18 to Life","84.0","103.1"
"","Diddlers on the roof","Brown Town Clowns","88.0","117.3"
"","Meadville Militia","Dirty Dick Dave","128.6","79.2"
"","The Little Giants","Bergers and Johnsons","98.4","89.4"
"","Please Trade Shady","The Little Giants","111.6","116.1"
"","Sentenced to 18 to Life","Brown Town Clowns","88.7","111.9"
"","Dirty Dick Dave","Dirty Sanchez","104.2","45.6"
"","Bergers and Johnsons","Diddlers on the roof","149.4","76.8"
"","Black Juliet's","Meadville Militia","88.9","119.5"
"","Diddlers on the roof","Please Trade Shady","102.1","74.1"
"","Dirty Dick Dave","Sentenced to 18 to Life","138.3","86.3"
"","Brown Town Clowns","Bergers and Johnsons","101.3","99.4"
"","Dirty Sanchez","Black Juliet's","77.8","112.8"
"","Meadville Militia","The Little Giants","98.4","71.1"
"","Please Trade Shady","Brown Town Clowns","110.3","102.2"
"","Sentenced to 18 to Life","Bergers and Johnsons","98.3","85.2"
"","Black Juliet's","Dirty Dick Dave","77.2","92.5"
"","The Little Giants","Dirty Sanchez","94.9","36.5"
"","Meadville Militia","Diddlers on the roof","120.2","122.1"
"","Bergers and Johnsons","Please Trade Shady","131.1","89.8"
"","Black Juliet's","Sentenced to 18 to Life","98.9","55.5"
"","Dirty Dick Dave","The Little Giants","110.0","84.1"
"","Brown Town Clowns","Meadville Militia","94.1","111.9"
"","Dirty Sanchez","Diddlers on the roof","106.8","93.1"
"2018","JoshAllenBrown Town Clowns","Dirty Dick Dave","107.2","114.2"
"","Team Trosch","Medical Malpractice","130.8","78.1"
"","Diddlers on the Roof","The Little Giants","104.5","111.4"
"","Brown Town Clowns","Team Shernisky","69.3","87.6"
"","Black Juliet's","Meadville Militia","77.6","65.6"
"","The Brady Bunch","Big Dick Nick","128.8","111.4"
"","Team Girth Brooks","The Waiver Wire","89.5","99.8"
"","The Little Giants","JoshAllenBrown Town Clowns","103.6","134.0"
"","Diddlers on the Roof","Team Trosch","123.3","78.9"
"","Medical Malpractice","Brown Town Clowns","98.1","109.0"
"","Team Shernisky","Black Juliet's","76.5","79.5"
"","Dirty Dick Dave","The Brady Bunch","68.3","88.9"
"","Meadville Militia","Team Girth Brooks","107.5","64.2"
"","Big Dick Nick","The Waiver Wire","72.7","98.4"
"","JoshAllenBrown Town Clowns","Diddlers on the Roof","118.0","94.6"
"","Team Trosch","Brown Town Clowns","80.3","77.4"
"","Black Juliet's","Medical Malpractice","85.3","98.5"
"","The Brady Bunch","The Little Giants","118.2","98.5"
"","Team Girth Brooks","Team Shernisky","66.5","74.6"
"","The Waiver Wire","Dirty Dick Dave","83.1","103.7"
"","Big Dick Nick","Meadville Militia","71.3","73.5"
"","JoshAllenBrown Town Clowns","Team Trosch","82.1","87.3"
"","Brown Town Clowns","Black Juliet's","141.9","87.3"
"","Diddlers on the Roof","The Brady Bunch","111.4","97.6"
"","Medical Malpractice","Team Girth Brooks","128.9","53.7"
"","The Little Giants","The Waiver Wire","124.5","93.7"
"","Team Shernisky","Big Dick Nick","96.6","144.6"
"","Dirty Dick Dave","Meadville Militia","77.0","128.2"
"","The Brady Bunch","JoshAllenBrown Town Clowns","97.0","88.9"
"","Team Trosch","Black Juliet's","105.6","67.4"
"","Team Girth Brooks","Brown Town Clowns","99.4","65.0"
"","The Waiver Wire","Diddlers on the Roof","95.6","111.3"
"","Big Dick Nick","Medical Malpractice","109.1","69.3"
"","Meadville Militia","The Little Giants","72.3","132.8"
"","Dirty Dick Dave","Team Shernisky","83.7","90.9"
"","JoshAllenBrown Town Clowns","The Waiver Wire","112.6","85.5"
"","The Brady Bunch","Team Trosch","123.6","126.1"
"","Black Juliet's","Team Girth Brooks","98.5","80.3"
"","Brown Town Clowns","Big Dick Nick","75.2","91.8"
"","Diddlers on the Roof","Meadville Militia","127.9","84.7"
"","Medical Malpractice","Dirty Dick Dave","104.4","72.9"
"","The Little Giants","Team Shernisky","95.7","77.9"
"","Meadville Militia","JoshAllenBrown Town Clowns","93.0","116.8"
"","Team Trosch","Team Girth Brooks","80.9","76.0"
"","The Waiver Wire","The Brady Bunch","99.0","64.8"
"","Big Dick Nick","Black Juliet's","91.8","78.0"
"","Dirty Dick Dave","Brown Town Clowns","125.4","69.6"
"","Team Shernisky","Diddlers on the Roof","65.5","107.6"
"","The Little Giants","Medical Malpractice","121.6","83.9"
"","JoshAllenBrown Town Clowns","Team Shernisky","70.0","93.2"
"","The Waiver Wire","Team Trosch","103.1","143.0"
"","Team Girth Brooks","Big Dick Nick","94.6","76.8"
"","The Brady Bunch","Meadville Militia","85.0","119.5"
"","Black Juliet's","Dirty Dick Dave","68.5","78.4"
"","Brown Town Clowns","The Little Giants","134.4","111.3"
"","Diddlers on the Roof","Medical Malpractice","90.5","88.2"
"","Medical Malpractice","JoshAllenBrown Town Clowns","129.6","46.2"
"","Team Trosch","Big Dick Nick","84.9","104.2"
"","Meadville Militia","The Waiver Wire","98.4","93.3"
"","Dirty Dick Dave","Team Girth Brooks","111.6","82.0"
"","Team Shernisky","The Brady Bunch","68.5","99.1"
"","The Little Giants","Black Juliet's","100.7","84.2"
"","Diddlers on the Roof","Brown Town Clowns","116.5","117.7"
"","JoshAllenBrown Town Clowns","Brown Town Clowns","121.4","128.3"
"","Meadville Militia","Team Trosch","88.7","98.8"
"","Big Dick Nick","Dirty Dick Dave","80.5","94.2"
"","The Waiver Wire","Team Shernisky","91.8","94.8"
"","Team Girth Brooks","The Little Giants","65.6","129.5"
"","The Brady Bunch","Medical Malpractice","121.1","69.1"
"","Black Juliet's","Diddlers on the Roof","93.1","85.0"
"","JoshAllenBrown Town Clowns","Black Juliet's","74.9","73.0"
"","Team Trosch","Dirty Dick Dave","128.6","124.4"
"","Team Shernisky","Meadville Militia","101.3","45.3"
"","The Little Giants","Big Dick Nick","162.0","88.1"
"","Medical Malpractice","The Waiver Wire","58.4","62.3"
"","Diddlers on the Roof","Team Girth Brooks","101.7","102.1"
"","Brown Town Clowns","The Brady Bunch","111.8","110.8"
"","Team Girth Brooks","JoshAllenBrown Town Clowns","87.3","123.3"
"","Team Shernisky","Team Trosch","81.0","115.3"
"","Dirty Dick Dave","The Little Giants","118.3","103.0"
"","Meadville Militia","Medical Malpractice","129.6","52.8"
"","Big Dick Nick","Diddlers on the Roof","65.1","88.5"
"","The Waiver Wire","Brown Town Clowns","89.0","98.1"
"","The Brady Bunch","Black Juliet's","80.6","106.7"
"","JoshAllenBrown Town Clowns","Big Dick Nick","73.7","77.0"
"","Team Trosch","The Little Giants","109.4","147.4"
"","Medical Malpractice","Team Shernisky","68.6","77.4"
"","Diddlers on the Roof","Dirty Dick Dave","118.0","78.9"
"","Brown Town Clowns","Meadville Militia","79.1","98.7"
"","Black Juliet's","The Waiver Wire","91.2","56.5"
"","The Brady Bunch","Team Girth Brooks","94.2","66.5"
"2019","John Brown Town Clowns","Meadville Militia","123.6","130.7"
"","Team Trosch","The Waiver Wire","71.6","69.3"
"","Big Dick Nick","Medical Malpractice","87.3","132.8"
"","Brown Town Clowns","A$$ and TD's","83.6","129.7"
"","Black Juliet's","Dirty Dick Dave","69.7","112.6"
"","DeDes Nuts","The Little Giants","80.5","83.7"
"","Team Girth Brooks","Diddlers on the Roof","74.5","116.3"
"","A$$ and TD's","John Brown Town Clowns","85.4","59.6"
"","Diddlers on the Roof","The Little Giants","107.5","118.2"
"","DeDes Nuts","Brown Town Clowns","105.8","85.6"
"","Team Trosch","Big Dick Nick","80.5","93.7"
"","Dirty Dick Dave","The Waiver Wire","64.2","96.0"
"","Black Juliet's","Team Girth Brooks","99.5","78.7"
"","Meadville Militia","Medical Malpractice","71.9","132.6"
"","Big Dick Nick","John Brown Town Clowns","80.5","109.1"
"","Team Trosch","Brown Town Clowns","79.2","98.8"
"","The Waiver Wire","Diddlers on the Roof","131.7","69.9"
"","Meadville Militia","Team Girth Brooks","123.9","91.3"
"","A$$ and TD's","Medical Malpractice","101.1","138.1"
"","DeDes Nuts","Dirty Dick Dave","71.2","105.1"
"","The Little Giants","Black Juliet's","95.7","91.0"
"","John Brown Town Clowns","Diddlers on the Roof","56.5","81.5"
"","Dirty Dick Dave","Big Dick Nick","109.3","83.1"
"","DeDes Nuts","Black Juliet's","83.4","129.1"
"","Meadville Militia","Brown Town Clowns","79.9","86.8"
"","Medical Malpractice","Team Girth Brooks","105.6","82.4"
"","The Little Giants","The Waiver Wire","67.8","74.7"
"","A$$ and TD's","Team Trosch","89.1","79.1"
"","John Brown Town Clowns","Team Girth Brooks","119.8","95.4"
"","A$$ and TD's","Black Juliet's","71.5","81.4"
"","Diddlers on the Roof","Big Dick Nick","77.8","103.3"
"","The Little Giants","Brown Town Clowns","93.3","111.5"
"","The Waiver Wire","DeDes Nuts","120.4","140.4"
"","Dirty Dick Dave","Medical Malpractice","88.2","78.2"
"","Meadville Militia","Team Trosch","137.1","95.6"
"","John Brown Town Clowns","The Waiver Wire","53.5","70.9"
"","DeDes Nuts","Big Dick Nick","99.1","87.6"
"","Brown Town Clowns","Team Girth Brooks","117.0","58.6"
"","Dirty Dick Dave","A$$ and TD's","66.4","94.4"
"","The Little Giants","Meadville Militia","94.6","84.8"
"","Medical Malpractice","Black Juliet's","114.2","138.8"
"","Diddlers on the Roof","Team Trosch","119.0","83.6"
"","DeDes Nuts","John Brown Town Clowns","108.9","59.2"
"","Team Trosch","Medical Malpractice","69.5","74.2"
"","The Waiver Wire","Brown Town Clowns","85.4","76.5"
"","Meadville Militia","Black Juliet's","66.1","74.3"
"","Dirty Dick Dave","Diddlers on the Roof","102.4","101.8"
"","Team Girth Brooks","Big Dick Nick","84.3","60.6"
"","The Little Giants","A$$ and TD's","75.3","76.5"
"","John Brown Town Clowns","Medical Malpractice","87.6","129.9"
"","The Waiver Wire","A$$ and TD's","65.7","99.6"
"","Brown Town Clowns","Big Dick Nick","82.7","92.7"
"","DeDes Nuts","Team Trosch","101.6","82.7"
"","Black Juliet's","Diddlers on the Roof","124.4","87.0"
"","Team Girth Brooks","The Little Giants","89.6","137.6"
"","Dirty Dick Dave","Meadville Militia","85.6","106.2"
"","John Brown Town Clowns","Brown Town Clowns","67.8","116.1"
"","Team Trosch","Black Juliet's","79.3","88.6"
"","Big Dick Nick","The Waiver Wire","109.3","115.3"
"","Dirty Dick Dave","Team Girth Brooks","105.6","58.1"
"","The Little Giants","Medical Malpractice","81.7","93.5"
"","A$$ and TD's","Meadville Militia","88.8","89.3"
"","DeDes Nuts","Diddlers on the Roof","99.7","118.5"
"","John Brown Town Clowns","The Little Giants","90.5","89.2"
"","Dirty Dick Dave","Team Trosch","83.3","101.2"
"","Big Dick Nick","Black Juliet's","111.1","82.2"
"","DeDes Nuts","A$$ and TD's","99.4","74.6"
"","Team Girth Brooks","The Waiver Wire","74.2","73.1"
"","Brown Town Clowns","Medical Malpractice","91.7","118.9"
"","Meadville Militia","Diddlers on the Roof","133.1","107.3"
"","John Brown Town Clowns","Dirty Dick Dave","85.7","122.5"
"","Team Trosch","Team Girth Brooks","73.8","68.8"
"","A$$ and TD's","Diddlers on the Roof","87.7","103.0"
"","The Little Giants","Big Dick Nick","59.7","88.1"
"","Medical Malpractice","The Waiver Wire","78.1","81.1"
"","Meadville Militia","DeDes Nuts","86.2","99.4"
"","Brown Town Clowns","Black Juliet's","115.7","78.3"
"","Black Juliet's","John Brown Town Clowns","79.9","51.4"
"","The Little Giants","Team Trosch","81.3","94.5"
"","Dirty Dick Dave","Brown Town Clowns","99.9","113.1"
"","Meadville Militia","The Waiver Wire","103.2","68.8"
"","Big Dick Nick","A$$ and TD's","106.8","47.7"
"","Medical Malpractice","Diddlers on the Roof","103.8","96.7"
"","DeDes Nuts","Team Girth Brooks","55.8","69.4"
"","John Brown Town Clowns","Team Trosch","49.9","71.7"
"","Big Dick Nick","Meadville Militia","104.2","74.0"
"","Team Girth Brooks","A$$ and TD's","83.5","74.2"
"","The Little Giants","Dirty Dick Dave","87.9","87.9"
"","Brown Town Clowns","Diddlers on the Roof","101.9","74.1"
"","Black Juliet's","The Waiver Wire","126.4","104.4"
"","DeDes Nuts","Medical Malpractice","60.3","86.7"
